{
  "DistanceToColorConverterSpec": {
    "DistanceGradient": [
      {
        "Color": {
          "r": 0.0898277,
          "g": 0.6886792,
          "b": 0.0,
          "a": 1.0
        },
        "Time": 0.0
      },
      {
        "Color": {
          "r": 0.7886943,
          "g": 0.8113208,
          "b": 0.0,
          "a": 1.0
        },
        "Time": 0.61
      },
      {
        "Color": {
          "r": 0.8509804,
          "g": 0.19401,
          "b": 0.0,
          "a": 1.0
        },
        "Time": 0.97
      },
      {
        "Color": {
          "r": 0.8490566,
          "g": 0.0,
          "b": 0.0959186256,
          "a": 1.0
        },
        "Time": 1.0
      }
    ]
  }
}