{
  "PriorityColorsSpec": {
    "HighlightVeryLow": {
      "r": 0.4,
      "g": 0.0,
      "b": 0.0,
      "a": 1.0
    },
    "HighlightLow": {
      "r": 0.2,
      "g": 0.09803922,
      "b": 0.0,
      "a": 1.0
    },
    "HighlightNormal": {
      "r": 0.0,
      "g": 0.0,
      "b": 0.0,
      "a": 1.0
    },
    "HighlightHigh": {
      "r": 0.09803922,
      "g": 0.2,
      "b": 0.0,
      "a": 1.0
    },
    "HighlightVeryHigh": {
      "r": 0.0,
      "g": 0.4,
      "b": 0.0,
      "a": 1.0
    },
    "ButtonVeryLow": {
      "r": 0.6792453,
      "g": 0.1826273,
      "b": 0.1826273,
      "a": 1.0
    },
    "ButtonLow": {
      "r": 0.5471698,
      "g": 0.3458526,
      "b": 0.1522784,
      "a": 1.0
    },
    "ButtonNormal": {
      "r": 0.3490566,
      "g": 0.3490566,
      "b": 0.3490566,
      "a": 1.0
    },
    "ButtonHigh": {
      "r": 0.2294446,
      "g": 0.3773585,
      "b": 0.08721966,
      "a": 1.0
    },
    "ButtonVeryHigh": {
      "r": 0.1066661,
      "g": 0.4811321,
      "b": 0.1066661,
      "a": 1.0
    }
  }
}