{
  "TutorialColorsSpec": {
    "TutorialBuildingHighlight": {
      "r": 0.5660378,
      "g": 0.4836018,
      "b": 0.3123888,
      "a": 1.0
    }
  }
}