{
  "WaterOutputParticleColorsSpec": {
    "WaterContaminationParticleGradient": [
      {
        "Color": {
          "r": 0.196911722,
          "g": 0.57316947,
          "b": 0.7075472,
          "a": 1.0
        },
        "Time": 0.0
      },
      {
        "Color": {
          "r": 0.9529412,
          "g": 0.321568638,
          "b": 0.192156866,
          "a": 1.0
        },
        "Time": 0.36
      }
    ]
  }
}